kode_kbli,uraian
01420,Peternakan Kuda dan Sejenisnya
01430,Peternakan Unta dan Sejenisnya
01111,Pertanian Jagung
01441,Budi Daya dan Pembibitan Domba Potong
01112,Pertanian Serealia Selain Padi dan Jagung
01442,Budi Daya dan Pembibitan Kambing Potong
01113,Pertanian Kedelai
01443,Budi Daya dan Pembibitan Kambing Perah
01114,Pertanian Kacang Tanah
01444,Budi Daya dan Pembibitan Domba Perah
01115,Pertanian Kacang Hijau
01445,Produksi Bulu Domba Mentah/Raw Wool
01116,"Pertanian Aneka Kacang Selain Kedelai, Kacang Tanah, dan"
01450,Peternakan Babi
01461,Budi Daya Ayam Ras Pedaging
01117,Pertanian Biji-bijian Penghasil Minyak Makan
01462,Budi Daya Ayam Ras Petelur
01118,Pertanian Biji-bijian Penghasil Minyak Selain Minyak Makan
01463,Pembibitan Ayam Lokal dan Persilangannya
01121,Pertanian Padi Hibrida
01464,Budi Daya Ayam Lokal dan Persilangannya
01122,Pertanian Padi Inbrida
01465,Budi Daya dan Pembibitan Itik dan Bebek
01131,Pertanian Sayuran Daun
01466,Budi Daya dan Pembibitan Burung Puyuh
01132,Pertanian Buah Semusim
01467,Budi Daya dan Pembibitan Burung Merpati
01133,Pertanian Sayuran Buah
01468,Pembibitan Ayam Ras
01134,Pertanian Sayuran Umbi
01469,Budi Daya dan Pembibitan Unggas Lainnya
01135,Pertanian Ubi Kayu
01491,Budi Daya dan Pembibitan Burung Unta
01136,Pertanian Jamur
01492,Budi Daya dan Pembibitan Ulat Sutra
01137,Pertanian Bit Gula dan Tanaman Pemanis Selain Tebu
01493,Budi Daya dan Pembibitan Lebah
01138,Pertanian Cabai
01494,Budi Daya dan Pembibitan Rusa
01139,Pertanian Umbi Lainnya
01495,Budi Daya dan Pembibitan Kelinci
01140,Pertanian Tebu
01496,Budi Daya dan Pembibitan Cacing
01150,Pertanian Tembakau
01497,Budi Daya dan Pembibitan Burung Walet
01160,Pertanian Tanaman Berserat
01498,Penangkaran Satwa Liar
01191,Pertanian Tanaman Pakan Ternak
01499,Budi Daya dan Pembibitan Hewan Lainnya
01192,Pembenihan Tanaman Pakan Ternak dan Pembenihan Bit
01611,Jasa Pengolahan Lahan
01612,Jasa Pemupukan
01193,Pertanian Tanaman Bunga
01613,Jasa Pemanenan
01194,Pertanian Pembenihan Tanaman Bunga
01614,Jasa Penyemprotan dan Penyerbukan Melalui Udara
01199,Pertanian Tanaman Semusim Lainnya YTDL
01615,Jasa Pengendalian Organisme Pengganggu Tumbuhan
01210,Pertanian Buah Anggur (OPT)
01220,Pertanian Buah-buahan Tropis dan Subtropis
01616,Jasa Penanaman Benih
01230,Pertanian Buah Jeruk
01619,Jasa Penunjang Pertanian Lainnya
01240,Pertanian Buah Apel dan Buah Batu (Pome and Stone
01621,Jasa Perkawinan Ternak
01622,Jasa Penetasan Telur
01251,Pertanian Buah Beri
01629,Jasa Penunjang Peternakan Lainnya
01252,Pertanian Buah Biji Kacang-kacangan
01630,Jasa Pascapanen
01253,Pertanian Sayuran Tahunan
01640,Pemilihan Benih Tanaman untuk Pembiakan
01259,Pertanian Buah Semak Lainnya
01700,"Perburuan, Penangkapan, dan Kegiatan Jasa Terkait"
01261,Pertanian Kelapa
02101,Pengelolaan Hutan
01262,Pertanian Kelapa Sawit
02102,Pemanfaatan Kayu Hutan
01269,Pertanian Buah Oleagin Lainnya
02103,Pembenihan Tanaman Kehutanan
01271,Pertanian Kopi
02201,Pemanenan Kayu
01272,Pertanian Tanaman Teh
02202,Pemungutan Kayu
01273,Pertanian Kakao
02300,Pemungutan Hasil Hutan Bukan Kayu
01279,Pertanian Tanaman untuk Bahan Minuman Lainnya
02401,Jasa Lingkungan Hutan
01281,Pertanian Lada
02402,Jasa Penggunaan Kawasan Kehutanan
01282,Pertanian Cengkih
02409,Jasa Penunjang Kehutanan Lainnya
01283,Pertanian Pala
03110,Penangkapan Ikan dan Biota Air Lainnya di Laut
01284,Pertanian Tanaman Aromatik/Penyegar
03120,Penangkapan Ikan dan Biota Air Lainnya di Perairan Air
01285,Pertanian Tanaman Obat Rimpang Tawar
01286,Pertanian Tanaman Obat Nonrimpang
03211,Pembudidayaan Ikan Bersirip (Selain Ikan Hias) dan Biota
01287,Pertanian Tanaman Narkotika dan Tanaman Obat Air Laut Lainnya yang Tidak Dilindungi
03212,Pembudidayaan Ikan Hias Air Laut yang Tidak Dilindungi
01289,Pertanian Tanaman Rempah-rempah dan
03213,Pembudidayaan Tumbuhan Air Laut yang Tidak Dilindungi
03214,Pengembangbiakan Ikan dan Biota Air Laut yang Dilindungi
01291,Pertanian Pohon Karet dan Tanaman Penghasil Getah
03221,Pembudidayaan Ikan Bersirip (Selain Ikan Hias) dan Biota
01299,Pertanian Tanaman Tahunan Lainnya YTDL
03222,Pembudidayaan Ikan Hias Air Tawar yang Tidak Dilindungi
01301,Pertanian Tanaman Hias
03223,Pembudidayaan Tumbuhan Air Tawar yang Tidak
01302,Penangkaran Tumbuhan Liar Dilindungi
01309,Pembiakan Tanaman Lainnya
03224,Pengembangbiakan Biota Air Tawar yang Dilindungi
01411,Budi Daya dan Pembibitan Sapi Potong
03231,Pembudidayaan Ikan Bersirip (Selain Ikan Hias) dan Biota
01412,Budi Daya dan Pembibitan Sapi Perah Air Payau Lainnya yang Tidak Dilindungi
01413,Budi Daya dan Pembibitan Kerbau Potong
03232,Pembudidayaan Ikan Hias Air Payau yang Tidak Dilindungi
01414,Budi Daya dan Pembibitan Kerbau Perah
03233,Pembudidayaan Tumbuhan Air Payau yang Tidak
10217,Pengolahan dan Pengawetan Ikan dengan Pengalengan
10218,Pengolahan dan Pengawetan Ikan Menjadi Produk Olahan
03234,Pengembangbiakan Biota Air Payau yang Dilindungi
10219,Pengolahan dan Pengawetan Ikan dengan Metode Lainnya
03300,Jasa Penunjang Kegiatan Penangkapan dan
10291,Pengolahan dan Pengawetan Biota Air Lainnya dengan
10292,Pengolahan dan Pengawetan Biota Air Lainnya dengan
10293,Pengolahan dan Pengawetan Biota Air Lainnya dengan
05101,Pertambangan Batu Bara Pembekuan
05102,Benefisiasi atau Peningkatan Kualitas Batu Bara
10294,Pengolahan dan Pengawetan Biota Air Lainnya dengan
05200,Pertambangan Lignit Pemindangan
06100,Pertambangan Minyak Bumi
10295,Pengolahan dan Pengawetan Biota Air Lainnya dengan
06201,Pertambangan Gas Alam Fermentasi
06202,Pengusahaan Tenaga Panas Bumi
10296,Pengolahan dan Pengawetan Biota Air Lainnya dengan
07101,Pertambangan Pasir Besi Pelumatan
07102,Pertambangan Bijih Besi
10297,Pengolahan dan Pengawetan Biota Air Lainnya dengan
07210,Pertambangan Bijih Uranium Dan Torium Pengalengan
07221,Pertambangan Emas dan Perak
10298,Pengolahan dan Pengawetan Rumput Laut
07229,Pertambangan Bijih Logam Mulia Lainnya
10299,Pengolahan dan Pengawetan Biota Air Lainnya dengan
07291,Pertambangan Bijih Timah Metode Lainnya
07292,Pertambangan Bijih Timah Hitam
10301,Pengasinan Buah-buahan dan Sayuran
07293,Pertambangan Bijih Bauksit
10302,Pelumatan Buah-buahan dan Sayuran
07294,Pertambangan Bijih Tembaga
10303,Pengeringan Buah-buahan dan Sayuran
07295,Pertambangan Bijih Nikel
10304,Pembekuan Buah-buahan dan Sayuran
07296,Pertambangan Bijih Mangan
10305,Pengalengan Buah-buahan dan Sayuran
07299,Pertambangan Bahan Galian Lainnya yang Tidak
10306,Pengolahan Sari Buah-buahan dan Sayuran
10307,Pembuatan Tempe Kedelai
08101,Penggalian Batu Hias dan Batu Bangunan
10308,Pembuatan Tahu Kedelai
08102,Penggalian Batu Kapur/Gamping
10309,Pengolahan dan Pengawetan Lainnya untuk Buah-buahan
08103,Penggalian Kerikil/Sirtu dan Sayuran
08104,Penggalian Pasir
10411,Industri Minyak Mentah dan Lemak Nabati Bukan Kelapa
08105,Penggalian Tanah dan Tanah Liat
08106,Penggalian Gips
10412,Industri Margarin
10413,Industri Minyak Mentah dan Lemak dari Hewan Selain Ikan
08107,Penggalian Tras
10414,Industri Minyak Ikan
08108,Penggalian Batu Apung
08109,"Penggalian Batu, Pasir, dan Tanah Liat Lainnya"
10415,Industri Minyak Goreng dan Minyak Makan Bukan Minyak
08911,Pertambangan Belerang
10419,Industri Minyak Mentah dan Lemak Nabati dan Hewani
08912,Pertambangan Fosfat
08913,Pertambangan Nitrat
10421,Industri Kopra
08914,Pertambangan Yodium
10422,Industri Minyak Mentah Kelapa
08915,Pertambangan Potash (Kalium Karbonat)
10423,Industri Minyak Goreng Kelapa
08919,"Pertambangan Mineral, Bahan Kimia, dan Bahan Pupuk"
10431,Industri Minyak Mentah Kelapa Sawit (Crude Palm Oil)
10432,Industri Minyak Mentah Inti Kelapa Sawit (Crude Palm
08920,Ekstraksi Tanah Gambut (Peat)
08930,Ekstraksi Garam
10433,Industri Pemisahan/Fraksinasi Minyak Mentah Kelapa Sawit
08991,Pertambangan Batu Mulia
08992,Penggalian Feldspar dan Kalsit
10434,Industri Pemurnian Minyak Mentah Kelapa Sawit dan
08993,Pertambangan Aspal Alam
08994,Penggalian Asbes
10435,Industri Pemisahan/Fraksinasi Minyak Murni Kelapa Sawit
08995,Penggalian Kuarsa/Pasir Kuarsa
10436,Industri Pemisahan/Fraksinasi Minyak Murni Inti Kelapa
08996,Pertambangan Bijih Logam Tanah Jarang
08999,Pertambangan dan Penggalian Lainnya YTDL
10437,Industri Minyak Goreng Kelapa Sawit
09100,Aktivitas Penunjang Pertambangan Minyak Bumi dan Gas
10501,Industri Susu Segar dan Krim
10502,Industri Susu Bubuk dan Susu Kental
09900,Aktivitas Penunjang Pertambangan dan Penggalian Lainnya
10503,Industri Es Krim
10504,Industri Es yang Dapat Dimakan dan Es Pencuci Mulut
10509,Industri Produk Susu Lainnya
10611,Industri Produk Gilingan Gandum (Selain Tepung Terigu)
10111,Kegiatan Rumah Potong Hewan Ruminansia
10112,Kegiatan Rumah Potong Babi
10612,Industri Produk Gilingan Aneka Kacang
10113,Kegiatan Rumah Potong Unggas
10613,"Industri Produk Gilingan Aneka Umbi, Tanaman Rimpang,"
10119,Kegiatan Rumah Potong Hewan Lainnya
10120,Pengolahan dan Pengawetan Daging dan Produk Daging
10614,Industri Tepung Campuran dan Adonan Tepung
10211,Pengolahan dan Pengawetan Ikan dengan Penggaraman
10615,Industri Makanan Sereal
10616,Industri Tepung Terigu
10212,Pengolahan dan Pengawetan Ikan dengan Pengasapan
10621,Industri Pati Ubi Kayu
10622,Industri Berbagai Macam Pati Palem
10213,Pengolahan dan Pengawetan Ikan dengan Pembekuan
10623,Industri Glukosa dan Sejenisnya
10214,Pengolahan dan Pengawetan Ikan dengan Pemindangan
10629,Industri Pati dan Produk Pati Lainnya
10215,Pengolahan dan Pengawetan Ikan dengan Fermentasi
10631,Industri Penggilingan Padi dan Penyosohan Beras
10216,Pengolahan dan Pengawetan Ikan dengan Pelumatan
10632,Industri Pemipilan Jagung
10633,Industri Tepung Beras dan Tepung Jagung
13994,Industri Kain Ban
10634,Industri Pati Beras dan Jagung
13995,Industri Kapuk
10635,Industri Pemanis dari Beras dan Jagung
13996,"Industri Kain Tule, Kain Jaring, dan Kain Bordir"
10636,Industri Minyak dari Beras dan Jagung
13999,Industri Tekstil Lainnya YTDL
10710,Industri Produk Bakeri
14111,Industri Pakaian Jadi (Konfeksi) dari Tekstil
10721,Industri Gula Pasir
14112,Industri Pakaian Jadi (Konfeksi) dari Kulit dan Tiruan Kulit
10722,Industri Gula Merah
14120,Industri Penjahitan dan Pembuatan (Bukan Konfeksi)
10723,Industri Sirop Pakaian Sesuai Pesanan/Kustomisasi
10729,Industri Gula Lainnya
14131,Industri Perlengkapan Pakaian dari Tekstil
10731,Industri Pengolahan Kakao
14132,Industri Perlengkapan Pakaian dari Kulit dan Tiruan Kulit
10732,Industri Cokelat dan Kembang Gula dari Cokelat
14200,Industri Barang dari Kulit Berbulu
10733,Industri Manisan Buah-buahan dan Sayuran Kering
14301,Industri Pakaian Jadi dan Perlengkapannya dari Rajutan
10739,Industri Kembang Gula Lainnya dan Crocheted
10740,"Industri Makaroni, Mi, Couscous, dan Produk Sejenisnya"
14302,Industri Hosiery Rajutan dan Crocheted
10750,Industri Makanan dan Masakan Olahan
15111,Pengawetan Kulit
10761,Pengolahan Kopi
15112,Penyamakan Kulit
10762,Pengolahan Teh
15113,Pewarnaan Kulit Berbulu
10771,Industri Kecap
15114,Industri Kulit Komposisi
10772,Industri Garam Konsumsi Beryodium
15121,"Industri Koper, Tas Tangan, dan Sejenisnya"
10773,Industri Garam Industri Aneka Pangan
15122,"Industri Pelana, Alat Pengekang/Harness, dan Barang"
10779,Industri Bumbu Masakan Lainnya Lainnya untuk Hewan
10791,Industri Makanan Bayi dan Makanan Khusus
15129,Industri Barang Lainnya dari Kulit dan Kulit Komposisi
10792,Industri Kue Basah
15201,Industri Alas Kaki untuk Keperluan Sehari-hari
10793,Industri Produk Makanan dari Kelapa
15202,Industri Sepatu Olahraga
10794,"Industri Kerupuk, Keripik, Peyek, dan Sejenisnya"
15203,Industri Sepatu Teknik Lapangan/Keperluan Industri
10795,Industri Sari Nabati dan Krimer Nabati
15209,Industri Alas Kaki Lainnya
10796,Industri Dodol
16101,Penggergajian dan Penghalusan Kayu
10797,Industri Infusi Herbal/Herb Infusion
16102,Pengawetan Kayu
10798,Industri Bahan Makanan dari Rumput Laut
16103,"Pengawetan Rotan, Bambu, dan Sejenisnya"
10799,Industri Produk Makanan Lainnya YTDL
16104,Pengolahan Rotan
10801,Industri Ransum Pakan Hewan
16105,Industri Partikel Kayu dan Sejenisnya
10802,Industri Konsentrat Pakan Hewan
16211,Industri Kayu Lapis
11010,"Industri Penyulingan, Pemurnian, dan Pencampuran"
16212,Industri Venir
16213,Industri Kayu Laminasi
11020,Industri Minuman Beralkohol Hasil Fermentasi Anggur dan
16219,Industri Panel Kayu Lainnya
16221,Industri Barang Bangunan dari Kayu
11030,Industri Minuman Beralkohol Hasil Fermentasi Malt
16222,Industri Bangunan Prafabrikasi dari Kayu dan Sejenisnya
11040,Industri Malt
16230,Industri Wadah dari Kayu
11051,Industri Air Kemasan
16291,Industri Barang Anyaman dari Rotan dan Bambu
11052,Industri Air Minum Isi Ulang
16292,Industri Barang Anyaman dari Tanaman Selain Rotan dan
11053,Industri Minuman Ringan Bambu
11059,Industri Minuman Lainnya
16293,Industri Kerajinan Ukiran dari Kayu Bukan Furnitur
12001,Industri Sigaret Kretek Tangan
16294,"Industri Alat Dapur dan Alat Makan dari Kayu, Rotan, dan"
12002,Industri Sigaret Kretek Mesin Bambu
12003,Industri Rokok Putih
16295,Industri Kayu Bakar dan Pelet dari Kayu dan Biomassa
12004,Industri Pengeringan dan Pengolahan Tembakau lainnya
12005,Industri Bumbu Rokok
16299,Industri Barang Lainnya dari Kayu; Industri Barang dari
12009,"Industri Produk Tembakau Lainnya Gabus, Jerami, Rotan, Bambu, dan Sejenisnya YTDL"
13111,Persiapan Serat Tekstil
17011,Industri Bubur Kertas (Pulp)
13112,Pemintalan Benang Selain Benang Jahit
17012,Industri Kertas Budaya
13113,Pemintalan Benang Jahit
17013,Industri Kertas Berharga
13121,Pertenunan Tekstil dengan Mesin
17014,Industri Kertas Khusus
13122,Pertenunan Tekstil Bukan dengan Mesin
17019,Industri Kertas Lainnya
13131,Penyempurnaan Benang
17021,Industri Kertas dan Papan Kertas Bergelombang
13132,Penyempurnaan Basah Kain
17022,Industri Kemasan dan Kotak dari Kertas dan Karton
13133,Industri Kain Batik
17091,Industri Kertas Tisu
13139,Penyempurnaan Tekstil Lainnya
17099,Industri Barang dari Kertas dan Papan Kertas Lainnya
13911,Industri Kain Rajutan YTDL
18111,Pencetakan Umum
13912,Industri Kain Crocheted
18112,Pencetakan Khusus
13913,Industri Bulu Tiruan Rajutan
13921,Industri Barang Tekstil untuk Keperluan Rumah Tangga
18113,Pencetakan Tiga Dimensi (3D)
18120,Kegiatan Jasa Penunjang Pencetakan
13922,Industri Barang Tekstil dengan Bahan Pengisi
18201,Reproduksi Media Rekaman Suara dan Perangkat Lunak
13923,Industri Karung Goni
13924,Industri Karung Selain Karung Goni
18202,Reproduksi Media Rekaman Film dan Video
19100,Industri Produk Tanur Kokas
13929,Industri Barang Tekstil Bukan Pakaian Jadi Lainnya
19201,Industri Bahan Bakar dari Pemurnian dan Pengilangan
13930,Industri Karpet dan Permadani
13941,Industri Tali
19202,Industri Minyak Pelumas
13942,Industri Barang dari Tali
19203,Industri Produk dari Bahan Limbah Minyak Pelumas
13991,Industri Kain Narrow
19204,Industri Minyak Pelumas Dasar (Bahan Baku Pelumas)
13992,Industri Kain yang Dilapisi dan Sejenisnya
19205,Industri Briket
13993,Industri Kain Nirtenun/Nonwoven
19206,Industri Produk dari Pencampuran Hasil Kilang Minyak
22205,Industri Perlengkapan dan Peralatan Rumah Tangga dari
19209,Industri Produk Lainnya dari Hasil Kilang Minyak Bumi
22206,Industri Barang dan Peralatan Teknik/Industri dari Plastik
20111,"Industri Asam, Basa, dan Garam Anorganik"
22209,Industri Barang Lainnya dari Plastik
20112,Industri Gas Industri
23111,Industri Kaca Lembaran
20113,Industri Kimia Dasar Zat Warna dan Pigmen
23112,Industri Kaca Pengaman
20114,Industri Kimia Dasar Radioaktif
23119,Industri Kaca Lainnya
20115,Industri Kimia Dasar Organik dari Sumber Daya Alam
23121,Industri Perlengkapan dan Peralatan Rumah Tangga dari
20116,"Industri Kimia Dasar dari Minyak Bumi, Gas Alam, dan Batu"
23122,Industri Peralatan Laboratorium dan Kesehatan dari Kaca
23129,Industri Produk Lainnya dari Kaca
20119,Industri Kimia Dasar Anorganik Lainnya
23911,"Industri Bata, Mortar, Semen, dan Sejenisnya yang Tahan"
20121,"Industri Senyawa Nitrogen; Pupuk Nitrogen, Fosfat, dan Api"
23919,Industri Produk Refraktori (Tahan Api) Lainnya
20122,Industri Pupuk Hara Makro Primer Lainnya
23921,Industri Batu Bata dari Tanah Liat atau Keramik
20123,Industri Pupuk Hara Mikro
23922,Industri Genteng dari Tanah Liat atau Keramik
20124,"Industri Pupuk Organik, Pupuk Hayati, dan Media Tanam"
23929,Industri Bahan Bangunan Lainnya dari Tanah Liat atau
20125,Industri Biostimulan Keramik
20131,Industri Damar Buatan (Resin Sintetis) dan Bahan Baku
23931,Industri Perlengkapan Rumah Tangga dari Porselen
23932,Industri Perlengkapan Rumah Tangga dari Tanah Liat atau
20132,Industri Karet Buatan Keramik
20211,Industri Bahan Baku Pemberantas Hama (Bahan Aktif)
23933,Industri Alat Laboratorium dan Alat Listrik atau Teknik dari
20212,Industri Pemberantas Hama (Formulasi) Porselen
20213,Industri Zat Pengatur Tumbuh
23934,Industri Peralatan Sanitasi dari Porselen
20221,Industri Cat
23935,Industri Peralatan Sanitasi dari Tanah Liat atau Keramik
20222,Industri Pernis
23939,Industri Produk Bukan Bahan Bangunan Lainnya dari
20223,Industri Dempul Tanah Liat atau Keramik dan Porselen
20229,Industri Sediaan Pewarna dan Pelapis Lainnya
23941,Industri Semen
20231,Industri Bahan dan Produk Pembersih
23942,Industri Kapur
20232,"Industri Kosmetik untuk Manusia, Cairan Lensa Kontak"
23943,Industri Gips
20233,Industri Kosmetik untuk Hewan
23951,Industri Barang dari Semen
20234,Industri Perekat Gigi
23952,Industri Barang dari Kapur
20235,Industri Parfum Sesuai Pesanan
23953,Industri Barang dari Gips
20291,Industri Perekat/Lem
23954,Industri Barang dari Asbes
20292,Industri Bahan Peledak
23955,"Industri Mortar, Acian, dan Beton Siap Pakai"
20293,Industri Tinta
23961,Industri Barang dari Batu Marmer
20294,Industri Minyak Asiri Hulu
23962,Industri Barang dari Batu Granit
20295,Industri Korek Api
23969,Industri Barang dari Batu Lainnya
20296,Industri Minyak Asiri Rantai Tengah
23991,Industri Produk Abrasif
20297,Industri Biofuel Cair
23992,Industri Batuan Aspal dan Barang dari Aspal atau Material
20298,Industri Cairan Rokok Elektrik Sejenis
20299,Industri Barang Kimia Lainnya YTDL
23993,Industri Produk Hasil Pemurnian Mineral Nonlogam
20301,Industri Serat Filamen dan Strip Buatan
23999,Industri Produk Mineral Nonlogam Lainnya YTDL
20302,Industri Serat Stapel Buatan
24101,Industri Besi dan Baja Dasar
21011,Industri Bahan Baku Farmasi untuk Manusia
24102,Penggilingan Baja
21012,Industri Produk Farmasi untuk Manusia
24103,Industri Pipa dan Sambungan Pipa dari Besi dan Baja
21013,Industri Produk Farmasi untuk Hewan
24201,Industri Logam Dasar Mulia
21014,Industri Bahan Baku Farmasi untuk Hewan
24202,Industri Logam Dasar Bukan Besi Lainnya
21015,"Industri Alat Diagnosis Medis, Perban, Kasa, dan"
24203,Penggilingan Logam Bukan Besi
24204,Ekstrusi Logam Bukan Besi
21021,Industri Bahan Baku Obat Bahan Alam untuk Manusia
24205,Industri Pipa dan Sambungan Pipa dari Logam Bukan Besi
21022,Industri Produk Obat Bahan Alam untuk Manusia dan Baja
21023,Industri Produk Obat Bahan Alam Untuk Hewan
24206,Industri Bahan Bakar Nuklir
21024,Industri Bahan Baku Obat Bahan Alam untuk Hewan
24310,Pengecoran Besi dan Baja
22111,Industri Ban Luar dan Ban Dalam
24320,Pengecoran Logam Bukan Besi dan Baja
22112,Industri Pembentukan Kembali Ban dan Vulkanisasi Ban
25111,Industri Produk Logam Struktural Bukan Aluminium untuk
22121,Industri Karet Asap Konstruksi Ringan
22122,Industri Karet Lembaran dan Crepe Rubber
25112,Industri Produk Logam Struktural Aluminium untuk
22123,Industri Karet Remah (Crumb Rubber) Konstruksi Ringan
22129,Industri Karet Setengah Jadi Lainnya
25113,Industri Produk Logam Struktural Baja untuk Konstruksi
22191,Industri Barang dari Karet untuk Keperluan Rumah Tangga
22192,Industri Barang dari Karet untuk Keperluan Industri
25119,Industri Produk Logam Struktural Lainnya
25120,"Industri Tangki, Tandon Air, dan Wadah Sejenisnya dari"
22193,Industri Barang dari Karet untuk Keperluan Infrastruktur
22194,Industri Barang dari Karet untuk Kesehatan
25130,Industri Generator Uap Bukan Ketel Pemanas
22199,Industri Barang Lainnya dari Karet YTDL
25200,Industri Senjata dan Amunisi
22201,Industri Barang dari Plastik untuk Bangunan
25910,"Penempaan, Pengepresan, Pencetakan, dan Pembentukan"
22202,Industri Barang dari Plastik dan Bioplastik untuk
25920,Pengerjaan dan Pelapisan Logam
22203,Industri Pipa Plastik dan Perlengkapannya
25931,Industri Perkakas Tangan
22204,Industri Plastik Lembaran
25932,Industri Alat Potong
25933,Industri Alat Makan dari Logam
28152,"Industri Oven, Perapian dan Tungku Pembakar Sejenis"
25934,Industri Peralatan Umum yang Menggunakan Arus Listrik
25940,"Industri Ember, Kaleng, Drum dan Wadah Sejenisnya dari"
28160,Industri Alat Pengangkat dan Pemindah
28171,Industri Mesin Kantor dan Akuntansi Manual
25951,Industri Barang dari Kawat Logam Bukan Kabel
28172,Industri Mesin Kantor dan Akuntansi Elektrik
25952,"Industri Paku, Mur, dan Baut Logam"
28173,Industri Mesin Kantor dan Akuntansi Elektronik
25991,"Industri Brankas, Filling Kantor, dan Sejenisnya"
28179,Industri Peralatan Kantor
25992,Industri Peralatan Dapur dan Peralatan Meja dari Logam
28180,Industri Perkakas Tangan yang Digerakkan Tenaga
25993,Industri Produk Rumah Tangga dari Logam Bukan
28191,"Industri Mesin untuk Pembungkus, Pembotolan, dan"
25994,Industri Profil Logam
28192,Industri Mesin Timbangan
25995,Industri Lampu dari Logam
28193,Industri Mesin Pendingin
25999,Industri Produk Logam Lainnya YTDL
28199,Industri Mesin untuk Keperluan Umum Lainnya YTDL
26110,"Industri Sel Surya, Panel Surya, dan Inverter Fotovoltaik"
28210,Industri Mesin Pertanian dan Kehutanan
26191,Industri Tabung Elektron dan Konektor Elektronik
28220,Industri Mesin dan Perkakas Mesin Untuk Pengerjaan
26199,Industri Komponen dan Papan Elektronik Lainnya YTDL Logam dan Bahan Lainnya
26210,Industri Komputer dan Perakitan Komputer
28230,Industri Mesin Metalurgi
26220,Industri Perlengkapan Komputer
28240,"Industri Mesin Penambangan, Penggalian dan Konstruksi"
26310,Industri Peralatan Telepon dan Faksimili
28250,"Industri Mesin Pengolahan Makanan, Minuman dan"
26320,Industri Peralatan Komunikasi Tanpa Kabel (Wireless) Tembakau
26391,Industri Kartu Cerdas (Smart Card)
28261,"Industri Mesin Jahit, Mesin Cuci, dan Mesin Pengering"
26399,Industri Peralatan Komunikasi Lainnya untuk Keperluan Niaga
26410,"Industri Televisi, Monitor Televisi, dan Displai"
28262,Industri Mesin Tekstil
26420,"Industri Peralatan Perekam, Penerima, dan Pengganda"
28263,Industri Mesin Penyiapan dan Pembuatan Produk Kulit
28291,Industri Mesin Percetakan
26490,Industri Peralatan Audio dan Video Elektronik Lainnya
28292,Industri Mesin Pabrik Kertas
26511,Industri Alat Ukur dan Alat Uji Manual
28299,Industri Mesin Keperluan Khusus Lainnya YTDL
26512,Industri Alat Ukur dan Alat Uji Elektrik
29100,Industri Kendaraan Bermotor Roda Empat atau Lebih
26513,Industri Alat Ukur dan Alat Uji Elektronik
29200,Industri Karoseri Kendaraan Bermotor Roda Empat Atau
26519,"Industri Alat Ukur, Alat Uji, dan Peralatan Navigasi dan Lebih; Industri Trailer dan Semitrailer"
29300,Industri Suku Cadang dan Aksesori Kendaraan Bermotor
26520,Industri Alat Ukur Waktu Roda Empat atau Lebih
26601,"Industri Peralatan Iradiasi, Perlengkapan, dan Sejenisnya"
30111,Industri Kendaraan Air dan Bawah Air Berawak
26602,Industri Peralatan Elektromedik dan Elektroterapi
30112,Industri Bangunan Lepas Pantai Dan Bangunan Terapung
26701,Industri Peralatan Fotografi
30113,Industri Kendaraan Air dan Bawah Air Tanpa Awak
26702,Industri Peralatan Sinematografi
30120,Industri Kapal dan Perahu Untuk Tujuan Wisata atau
26703,Industri Lensa Bukan Kacamata Rekreasi dan Olahraga
26709,Industri Peralatan Fotografi dan Instrumen Optik Bukan
30200,Industri Lokomotif dan Gerbong Kereta
30301,Industri Pesawat Udara Berawak dan Mesin Terkait
26800,Industri Media Magnetik dan Media Optik
30302,Industri Pesawat Udara Tanpa Awak dan Mesin Terkait
27111,Industri Motor Listrik
30303,Industri Wahana Antariksa dan Mesin Terkait
27112,Industri Generator Pembangkit Listrik
30400,Industri Kendaraan Tempur Militer
27113,Industri Pengubah Tegangan/Transformator dan Pengubah
30911,Industri Sepeda Motor Roda Dua dan Tiga
30912,Industri Komponen dan Perlengkapan Sepeda Motor Roda
27120,Industri Peralatan Pengontrol dan Pendistribusian Listrik Dua dan Tiga
27201,Industri Batu Baterai
30921,Industri Sepeda dan Kursi Roda Termasuk Becak
27202,Industri Akumulator Listrik
30922,Industri Perlengkapan Sepeda dan Kursi Roda Termasuk
27203,Industri Baterai Kendaraan Listrik Becak
27310,Industri Kabel Serat Optik
30990,Industri Alat Angkutan Lainnya YTDL
27320,Industri Kabel dan Kawat Listrik dan Elektronik Lainnya
31011,Industri Furnitur Dari Kayu
27330,Industri Perlengkapan Kabel
31012,Industri Furnitur dari Rotan dan Bambu
27401,"Industri Bola Lampu Pijar, Lampu Sorot, dan Lampu"
31021,Industri Furnitur dari Plastik
31022,Industri Furnitur dari Logam
27402,Industri Lampu Gas dan Discharge
31029,Industri Furnitur dari Bahan Lainnya YTDL
27403,Industri Peralatan Penerangan untuk Kendaraan
32111,Industri Permata
27404,Industri Lampu LED
32112,Industri Perhiasan dari Logam Mulia
27409,Industri Peralatan Penerangan Lainnya
32113,Industri Barang Berharga dari Logam Mulia Bukan
27510,Industri Peralatan Listrik Rumah Tangga Perhiasan
27520,Industri Peralatan Elektrotermal Rumah Tangga
32114,Industri Perhiasan dari Mutiara
27530,Industri Peralatan Rumah Tangga Bukan Listrik
32119,Industri Barang Berharga Lainnya dari Logam Mulia
27900,Industri Peralatan Listrik Lainnya
32120,Industri Perhiasan Imitasi dan Barang Sejenis
28111,"Industri Mesin Uap, Turbin, dan Kincir"
32201,Industri Alat Musik Tradisional
28112,Industri Motor Pembakaran Dalam
32202,Industri Alat Musik Nontradisional
28113,Industri Komponen dan Suku Cadang Mesin dan Turbin
32300,Industri Peralatan dan Perlengkapan Olahraga
28120,Industri Peralatan Tenaga Zat Cair dan Gas
32401,Industri Alat Permainan
28130,"Industri Pompa Lainnya, Kompresor, Keran, dan"
32402,Industri Mainan Termasuk Drone Rekreasi
32501,"Industri Furnitur untuk Operasi, Perawatan Kedokteran,"
28140,"Industri Bearing, Roda Gigi, dan Elemen Penggerak Mesin dan Kedokteran Gigi"
28151,"Industri Oven, Perapian dan Tungku Pembakar Sejenis"
32502,"Industri Peralatan Kedokteran dan Kedokteran Gigi, serta"
32503,Industri Kacamata
32509,"Industri Peralatan Kedokteran dan Kedokteran Gigi, serta"
38110,Pengumpulan Limbah atau Sampah Tidak Berbahaya
38121,Pengumpulan Limbah Berbahaya Selain Limbah Radiokatif
32901,Industri Alat Tulis dan Gambar Termasuk Perlengkapannya
38122,Pengumpulan Limbah Radioaktif
32902,Industri Pita Mesin Tulis atau Gambar
38211,Pengolahan Sampah Tidak Berbahaya untuk Menghasilkan
32903,Industri Kerajinan YTDL Energi
32904,Industri Peralatan untuk Pelindung Keselamatan
38212,Produksi Kompos Sampah Organik
32905,Industri Serat Sabut Kelapa
38219,Pengolahan dan Pembuangan Limbah atau Sampah Tidak
32906,"Industri Rambut, Janggut, dan Bulu Mata Palsu Berbahaya Lainnya"
32907,Industri Kancing dan Ritsleting
38221,Pengolahan dan Pembuangan Limbah atau Sampah
32908,Industri Pemantik Api/Lighter Berbahaya Selain Limbah Radioaktif
32909,Industri Produk Lainnya YTDL
38222,Pengolahan dan Pembuangan Limbah Radioaktif
33111,"Reparasi dan Pemeliharaan Produk Logam Struktural,"
38301,Pemulihan Material Barang Logam
38302,Pemulihan Material Barang Plastik
33112,Reparasi dan Pemeliharaan Produk Senjata dan Amunisi
38309,Pemulihan Material Lainnya
33119,Reparasi dan Pemeliharaan Produk Logam Pabrikasi
39001,Aktivitas Penangkapan Karbon
39002,Aktivitas Penyimpanan Karbon
33121,Reparasi dan Pemeliharaan Mesin untuk Keperluan Umum
39009,Aktivitas Remediasi dan Pengelolaan Limbah atau Sampah
33122,Reparasi dan Pemeliharaan Mesin untuk Keperluan Khusus Lainnya
33131,"Reparasi dan Pemeliharaan Alat Ukur, Alat Uji, serta"
33132,"Reparasi dan Pemeliharaan Peralatan Iradiasi,"
41011,Konstruksi Konvensional Gedung Hunian
33133,Reparasi dan Pemeliharaan Peralatan Fotografi dan Optik
41012,Konstruksi Konvensional Gedung Perkantoran
33141,"Reparasi dan Pemeliharaan Motor Listrik, Generator, dan"
41013,Konstruksi Konvensional Gedung Industri
41014,Konstruksi Konvensional Gedung Perbelanjaan
33142,Reparasi dan Pemeliharaan Baterai dan Akumulator Listrik
41015,Konstruksi Konvensional Gedung Kesehatan
33149,Reparasi dan Pemeliharaan Peralatan Listrik Lainnya
41016,Konstruksi Konvensional Gedung Pendidikan
33151,"Reparasi dan Pemeliharaan Kapal, Perahu, dan Bangunan"
41017,Konstruksi Konvensional Gedung Penginapan
41018,Konstruksi Konvensional Gedung Hiburan dan Olahraga
33152,Reparasi dan Pemeliharaan Lokomotif dan Gerbong Kereta
41019,Konstruksi Konvensional Gedung Lainnya
33153,Reparasi dan Pemeliharaan Pesawat Udara
41020,Konstruksi Prapabrikasi Bangunan Gedung
33159,"Reparasi dan Pemeliharaan Alat Angkutan Lainnya, Bukan"
42101,Konstruksi Jalan pada Permukaan Tanah
42102,"Konstruksi Bangunan Sipil Jembatan, Jalan Layang, Fly"
33190,"Reparasi dan Pemeliharaan Peralatan Lainnya Over, dan Underpass"
33201,"Instalasi/Pemasangan dan Perangkaian/Integrasi Mesin,"
42103,Konstruksi Jalan Rel
42104,Konstruksi Terowongan
33202,"Pembongkaran Mesin, Peralatan, dan Sistem Industri"
42201,Konstruksi Jaringan Irigasi dan Drainase
33203,"Pemasangan Perlengkapan Meteorologi, Klimatologi, dan"
42202,Konstruksi Bangunan Sipil Pengolahan Air Bersih
42203,Konstruksi Bangunan Sipil Sistem Pengolahan Limbah
42204,Konstruksi Bangunan Sipil Elektrikal
42205,Konstruksi Bangunan Sipil Telekomunikasi untuk Prasarana
42206,Konstruksi Sentral Telekomunikasi
35111,Pembangkitan Tenaga Listrik dari Sumber Energi Tidak
42207,Konstruksi Pengeboran/Penggalian Air Tanah
42209,Konstruksi Proyek Utilitas Lainnya
35112,Pembangkitan Tenaga Listrik dari Sumber Energi Tidak
42911,Konstruksi Bangunan Prasarana Sumber Daya Air
42912,Konstruksi Bangunan Pelabuhan Bukan Perikanan
35120,Pembangkitan Tenaga Listrik dari Sumber Energi
42913,Konstruksi Bangunan Pelabuhan Perikanan
42914,Konstruksi Reservoir Pembangkit Listrik Tenaga Air
35131,Aktivitas Penyaluran Tenaga Listrik
42915,Konstruksi Bangunan Sipil Pelindung Pantai
35132,Aktivitas Penyimpanan Tenaga Listrik
42919,Konstruksi Bangunan Sipil Prasarana Perairan dan Sejenis
35133,Pengoperasian Fasilitas atau Stasiun Pengisian Daya untuk Lainnya
42991,Konstruksi Bangunan Sipil Minyak dan Gas Bumi
35140,Penyediaan Tenaga Listrik dalam Satu Kesatuan Usaha
42992,Konstruksi Bangunan Sipil Pertambangan
35151,Pengoperasian Instalasi Penyediaan Tenaga Listrik
42993,Konstruksi Bangunan Sipil Panas Bumi
35152,Pengoperasian Instalasi Pemanfaatan Tenaga Listrik
42994,Konstruksi Bangunan Sipil Fasilitas Olahraga
35159,Aktivitas penunjang tenaga listrik lainnya
42995,Konstruksi Bangunan Sipil Fasilitas Pengolahan
35201,Produksi Gas Alam dan Buatan
42996,Konstruksi Bangunan Sipil Fasilitas Militer dan Bandar
35202,Distribusi Gas Alam dan Buatan Melalui Jaringan
35301,Pengadaan Uap/Air Panas dan Udara Dingin
42997,Konstruksi Bangunan Sipil Fasilitas Sumber Radiasi Pengion
35302,Produksi Es
42998,Konstruksi Bangunan Sipil Reaktor Nuklir
35401,Aktivitas Broker dan Agen Penjualan Tenaga Listrik
42999,Konstruksi Bangunan Sipil Lainnya YTDL
35402,Aktivitas Broker dan Agen Penjualan Gas Alam
43110,Pembongkaran
43120,Penyiapan Lahan
43211,Pemasangan Jaringan Listrik
43212,Pemasangan Jaringan Telekomunikasi
43213,Pemasangan Sistem Elektronika
36001,Pengolahan dan Penyediaan Air Minum
43214,"Pemasangan Sistem Navigasi Laut, Sungai, dan Udara"
36002,Penampungan dan Penyediaan Air Baku
43215,Pemasangan Sistem Persinyalan dan Telekomunikasi
36003,Aktivitas Penunjang Penyediaan Air
37001,Pengumpulan Air Limbah
43216,Pemasangan Perlengkapan Jalan Berbasis Listrik
37002,Pengolahan dan Pembuangan Air Limbah
43221,Pemasangan Saluran Air (Plumbing)
46492,Perdagangan Besar Peralatan dan Perlengkapan Olahraga
43222,Pemasangan Sistem Pemanas dan Geotermal
46493,Perdagangan Besar Alat Musik
43223,Pemasangan Jaringan Penyaluran Gas
46494,Perdagangan Besar Perhiasan dan Jam
43224,Pemasangan Pendingin dan Ventilasi Udara
46495,Perdagangan Besar Alat Permainan dan Mainan
43291,Pemasangan Perlengkapan Mekanikal Bangunan
46496,"Perdagangan Besar Tas, Dompet, Koper, Ransel, dan"
43299,Pemasangan Konstruksi Lainnya YTDL Sejenisnya
43301,"Pemasangan Kaca, Pintu, Kusen, Jendela, dan Sejenisnya"
46499,Perdagangan Besar Berbagai Barang dan Perlengkapan
43302,"Pengerjaan Lantai, Dinding, dan Plafon Rumah Tangga Lainnya YTDL"
43303,Pengecatan
46511,Perdagangan Besar Komputer dan Perlengkapan Komputer
43309,Penyelesaian Konstruksi Bangunan Lainnya
46512,Perdagangan Besar Perangkat Lunak
43400,Jasa Intermediasi Konstruksi Khusus
46521,Perdagangan Besar Suku Cadang Elektronik
43901,Pemasangan dan Rekayasa Struktur Bangunan
46522,"Perdagangan Besar Disket, Flash Drive, Pita Audio dan"
43902,"Pemasangan Perancah (Steger) Video, serta CD dan DVD Kosong"
43903,Pemasangan Rangka dan Atap/Roof Covering
46523,Perdagangan Besar Peralatan Telekomunikasi
43904,Pemasangan Kerangka Baja
46530,"Perdagangan Besar Mesin, Peralatan Dan Perlengkapan"
43905,Penyewaan Alat Konstruksi dengan Operator Pertanian
43909,Konstruksi Khusus Lainnya YTDL
46591,"Perdagangan Besar Mesin Kantor dan Industri Pengolahan,"
46592,"Perdagangan Besar Alat Transportasi Laut, Suku Cadang,"
46100,Perdagangan Besar atas dasar Balas Jasa (Fee) atau
46593,"Perdagangan Besar Alat Transportasi Darat (Bukan Mobil,"
46201,Perdagangan Besar Padi dan Palawija Perlengkapannya
46594,"Perdagangan Besar Alat Transportasi Udara, Suku Cadang"
46202,Perdagangan Besar Buah yang Mengandung Minyak
46203,Perdagangan Besar Bunga dan Tanaman Hias
46599,"Perdagangan Besar Mesin, Peralatan, dan Perlengkapan"
46204,Perdagangan Besar Tembakau Rajangan
46205,Perdagangan Besar Binatang Hidup
46611,Perdagangan Besar Mobil Baru
46206,Perdagangan Besar Ikan dan Biota Air Hidup Lainnya
46612,Perdagangan Besar Mobil Bekas
46207,Perdagangan Besar Hasil Kehutanan dan Perburuan
46620,Perdagangan Besar Suku Cadang dan Aksesori Mobil
46208,Perdagangan Besar Kulit
46631,Perdagangan Besar Sepeda Motor Baru
46209,Perdagangan Besar Hasil Pertanian dan Hewan Hidup
46632,Perdagangan Besar Sepeda Motor Bekas
46633,Perdagangan Besar Suku Cadang Sepeda Motor dan
46311,Perdagangan Besar Beras
46312,Perdagangan Besar Buah-buahan
46710,"Perdagangan Besar Bahan Bakar Padat, Cair, dan Gas"
46313,Perdagangan Besar Sayuran
46314,"Perdagangan Besar Kopi, Teh, dan Kakao"
46721,Perdagangan Besar Bijih dan Konsentrat Logam
46315,Perdagangan Besar Minyak dan Lemak Nabati
46722,Perdagangan Besar Produk Logam Setengah Jadi
46319,Perdagangan Besar Bahan Makanan dan Minuman Hasil
46731,Perdagangan Besar Bahan Konstruksi dari Logam
46732,Perdagangan Besar Kaca Lembaran
46321,Perdagangan Besar Daging Sapi dan Daging Sapi Olahan
46733,"Perdagangan Besar Bahan Konstruksi dari Tanah Liat,"
46322,Perdagangan Besar Daging Ayam dan Daging Ayam
46734,"Perdagangan Besar Semen, Kapur, Pasir, dan Batu"
46323,Perdagangan Besar Daging dan Daging Olahan Lainnya
46735,Perdagangan Besar Bahan Konstruksi dari Porselen
46324,Perdagangan Besar Hasil Perikanan dan Olahan Terkait
46736,Perdagangan Besar Bahan Konstruksi dari Kayu
46325,Perdagangan Besar Telur dan Hasil Olahan Telur
46737,Perdagangan Besar Cat
46326,Perdagangan Besar Susu dan Produk Susu
46738,Perdagangan Besar Berbagai Macam Material Bangunan
46327,Perdagangan Besar Minyak dan Lemak Hewani
46739,"Perdagangan Besar Bahan Konstruksi, Perkakas,"
46329,Perdagangan Besar Bahan Makanan dan Minuman Hasil
46741,Perdagangan Besar Mineral Bukan Logam
46331,"Perdagangan Besar Gula, Cokelat, dan Kembang Gula"
46742,Perdagangan Besar Mineral Radioaktif
46332,Perdagangan Besar Produk Bakeri
46743,Perdagangan Besar Zat Radioaktif dan Pembangkit Radiasi
46333,Perdagangan Besar Minuman Beralkohol
46334,Perdagangan Besar Minuman Nonalkohol Bukan Susu
46751,Perdagangan Besar Bahan dan Barang Kimia
46335,Perdagangan Besar Rokok dan Tembakau
46752,Perdagangan Besar Pupuk dan Produk Agrokimia
46339,Perdagangan Besar Makanan dan Minuman Lainnya
46753,Perdagangan Besar Bahan Berbahaya (B2)
46411,Perdagangan Besar Tekstil
46791,Perdagangan Besar Alat Kesehatan dan Laboratorium
46412,Perdagangan Besar Pakaian
46413,Perdagangan Besar Alas Kaki
46792,Perdagangan Besar Alat Kesehatan untuk Hewan
46414,Perdagangan Besar Barang Jadi Tekstil
46793,Perdagangan Besar Karet dan Plastik dalam Bentuk Dasar
46415,Perdagangan Besar Perlengkapan Jahit
46794,Perdagangan Besar Kertas dan Karton
46420,"Perdagangan Besar Furnitur, Karpet, Perlengkapan"
46795,Perdagangan Besar Barang dari Kertas dan Karton
46796,Perdagangan Besar Barang Bekas dan Skrap
46799,Perdagangan Besar Produk Lainnya YTDL
46430,Perdagangan Besar Alat Fotografi dan Barang Optik
46901,Perdagangan Besar Berbagai Macam Barang di
46441,Perdagangan Besar Sediaan Farmasi untuk Manusia
46442,Perdagangan Besar Sediaan Farmasi untuk Hewan
46902,Perdagangan Besar Berbagai Macam Barang Selain di
46451,Perdagangan Besar Alat Tulis dan Gambar
46452,Perdagangan Besar Barang Percetakan dan Penerbitan
47111,Perdagangan Eceran Berbagai Macam Barang yang
46491,"Perdagangan Besar Peralatan Masak, Peralatan Dapur, dan"
47112,Perdagangan Eceran Berbagai Macam Barang yang
47713,Perdagangan Eceran Perlengkapan Pakaian
47714,"Perdagangan Eceran Tas, Dompet, Koper, Ransel, dan"
47191,Perdagangan Eceran Berbagai Macam Barang yang
47721,Perdagangan Eceran Sediaan Farmasi untuk Manusia di
47722,Perdagangan Eceran Sediaan Farmasi untuk Manusia
47192,Perdagangan Eceran Berbagai Macam Barang yang Selain di Apotek
47723,Perdagangan Eceran Obat Bahan Alam untuk Manusia
47724,Perdagangan Eceran Kosmetik untuk Manusia
47211,Perdagangan Eceran Padi dan Palawija
47725,Perdagangan Eceran Alat Kesehatan untuk Manusia
47726,Perdagangan Eceran Obat Farmasi untuk Hewan
47212,Perdagangan Eceran Buah-buahan
47213,Perdagangan Eceran Sayuran
47727,Perdagangan Eceran Obat Tradisional untuk Hewan
47214,Perdagangan Eceran Hasil Peternakan
47728,Perdagangan Eceran Kosmetik untuk Hewan
47729,Perdagangan Eceran Bahan Baku Farmasi dan Alat
47215,Perdagangan Eceran Hasil Perikanan
47216,Perdagangan Eceran Hasil Kehutanan dan Perburuan
47731,Perdagangan Eceran Alat Fotografi dan Perlengkapannya
47219,Perdagangan Eceran Hasil Pertanian Lainnya
47732,Perdagangan Eceran Alat Optik dan Perlengkapannya
47221,Perdagangan Eceran Minuman Beralkohol
47733,Perdagangan Eceran Kacamata
47222,Perdagangan Eceran Minuman Tidak Beralkohol
47734,Perdagangan Eceran Jam
47230,Perdagangan Eceran Rokok dan Tembakau
47735,Perdagangan Eceran Barang Perhiasan
47241,Perdagangan Eceran Beras
47741,Perdagangan Eceran Perlengkapan Rumah Tangga Bekas
47242,"Perdagangan Eceran Roti, Kue Kering, serta Kue Basah dan"
47742,"Perdagangan Eceran Pakaian, Alas Kaki, dan Perlengkapan"
47243,"Perdagangan Eceran Kopi, Gula Pasir, Gula Merah, dan"
47743,Perdagangan Eceran Barang Perlengkapan Pribadi Bekas
47244,"Perdagangan Eceran Tahu, Tempe, Tauco, dan Oncom"
47744,Perdagangan Eceran Barang Listrik dan Elektronik Bekas
47245,Perdagangan Eceran Daging Olahan
47745,Perdagangan Eceran Bahan Konstruksi dan Saniter Bekas
47746,Perdagangan Eceran Barang Antik
47246,Perdagangan Eceran Ikan Olahan
47249,Perdagangan Eceran Makanan Lainnya
47749,Perdagangan Eceran Barang Bekas Lainnya
47301,Perdagangan Eceran Bahan Bakar di Sarana Pengisian
47751,Perdagangan Eceran Hewan Kesayangan (Pet Animals)
47752,Perdagangan Eceran Hewan Ternak dan Bibit Hewan
47302,Perdagangan Eceran Bahan Bakar Selain di Sarana
47753,Perdagangan Eceran Ikan dan Biota Air Hidup Lainnya
47754,Perdagangan Eceran Pakan Ternak/Unggas/Ikan dan
47303,Perdagangan Eceran Minyak Pelumas Hewan Kesayangan
47401,Perdagangan Eceran Komputer dan Perlengkapannya
47761,Perdagangan Eceran Bunga Potong/Florist
47402,Perdagangan Eceran Peralatan dan Produk Gim Video serta
47762,Perdagangan Eceran Tanaman dan Bibit Tanaman Selain
47403,Perdagangan Eceran Perangkat Lunak (Software)
47763,Perdagangan Eceran Pupuk dan Pemberantas Hama
47404,Perdagangan Eceran Telepon beserta Aksesorisnya
47764,Perdagangan Eceran Perlengkapan dan Media Tanaman
47405,Perdagangan Eceran Mesin dan Peralatan Kantor Hias
47765,Perdagangan Eceran Tanaman dan Bibit Tanaman
47406,Perdagangan Eceran Peralatan Audio dan Video
47511,Perdagangan Eceran Tekstil
47771,Perdagangan Eceran Minyak Tanah
47512,Perdagangan Eceran Perlengkapan Rumah Tangga dari
47772,Perdagangan Eceran Gas Tabung LPG
47773,Perdagangan Eceran Bahan Kimia
47513,Perdagangan Eceran Perlengkapan Jahit Menjahit
47521,Perdagangan Eceran Bahan dan Material Konstruksi
47774,Perdagangan Eceran Aromatik/Penyegar (Minyak Asiri)
47522,Perdagangan Eceran Kaca Lembaran
47779,"Perdagangan Eceran Bahan Kimia, Aromatik/Penyegar"
47523,Perdagangan Eceran Perkakas dan Peralatan Pertukangan
47524,Perdagangan Eceran Peralatan Keselamatan dan Gawat
47781,"Perdagangan Eceran Cendera mata, Kerajinan, dan"
47525,"Perdagangan Eceran Cat, Pernis dan Lakeri"
47782,Perdagangan Eceran Lukisan
47526,Perdagangan Eceran Bahan-bahan Energi Terbarukan
47791,Perdagangan Eceran Berbagai Macam Mesin dan
47530,"Perdagangan Eceran Karpet, Permadani, serta Penutup"
47792,Perdagangan Eceran Alat Transportasi Darat Tidak
47591,Perdagangan Eceran Furnitur
47592,"Perdagangan Eceran Peralatan Listrik Rumah Tangga,"
47793,Perdagangan Eceran Alat Transportasi Air dan
47593,Perdagangan Eceran Barang Pecah Belah; Perlengkapan
47794,Perdagangan Eceran Alat-alat Pertanian
47795,Perdagangan Eceran Perlengkapan Pengendara Kendaraan
47594,Perdagangan Eceran Alat Musik
47599,Perdagangan Eceran Peralatan dan Perlengkapan Rumah
47796,Perdagangan Eceran Pembungkus dari Plastik
47799,Perdagangan Eceran Barang Baru Lainnya YTDL
47611,Perdagangan Eceran Alat Tulis Menulis dan Gambar
47811,Perdagangan Eceran Mobil Baru
47612,Perdagangan Eceran Hasil Pencetakan dan Penerbitan
47812,Perdagangan Eceran Mobil Bekas
47613,"Perdagangan Eceran Kertas, Kertas Karton, dan Barang"
47820,Perdagangan Eceran Suku Cadang dan Aksesori Mobil
47831,Perdagangan Eceran Sepeda Motor Baru
47620,Perdagangan Eceran Peralatan dan Perlengkapan Olahraga
47832,Perdagangan Eceran Sepeda Motor Bekas
47630,Perdagangan Eceran Alat Permainan dan Mainan
47833,Perdagangan Eceran Suku Cadang Sepeda Motor dan
47690,Perdagangan Eceran Khusus Barang Kesenian dan Rekreasi
47901,Platform Digital Intermediasi Perdagangan Eceran
47711,Perdagangan Eceran Pakaian
47909,Jasa Intermediasi Perdagangan Eceran Lainnya
47712,"Perdagangan Eceran Sepatu, Sandal, dan Alas Kaki Lainnya"
51101,Angkutan Udara Niaga Berjadwal untuk Penumpang
51102,Angkutan Udara Niaga Tidak Berjadwal untuk Penumpang
49111,Angkutan Kereta Wisata Antarkota
51103,Transportasi Antariksa untuk Penumpang
49119,Transportasi Kereta Api Antarkota Lainnya untuk
51201,Angkutan Udara Niaga Berjadwal Khusus Kargo
51202,Angkutan Udara Niaga Tidak Berjadwal Khusus Kargo
49120,Transportasi Kereta Api untuk Barang
51203,Transportasi Antariksa untuk Barang
49211,Angkutan Kereta Wisata dalam Kota
52101,Pengelola Gudang Sistem Resi Gudang
49212,Angkutan Kereta Api Perkotaan
52102,Aktivitas Gudang Dingin
49213,Angkutan Perkotaan
52103,Aktivitas Gudang Berikat
49214,Angkutan Perdesaan
52104,Penyimpanan Minyak dan Gas Bumi
49219,Transportasi Darat Dalam Kota Lainnya untuk Penumpang
52105,Aktivitas Penyimpanan Barang Berbahaya dan Beracun
49221,Angkutan Antarkota Antarprovinsi (AKAP) (B3)
49222,Angkutan Antarkota Dalam Provinsi (AKDP)
52106,Fasilitas Penyimpanan Sumber Radiasi Pengion
49223,Angkutan Lintas Batas Negara
52107,Penyimpanan Mineral Ikutan Radioaktif
49229,Transportasi Antarkota Lainnya untuk Penumpang
52109,Pergudangan dan Penyimpanan Lainnya
49231,Angkutan Bermotor untuk Barang Umum
52211,Aktivitas Terminal Darat
49232,Angkutan Bermotor untuk Barang Khusus
52212,Aktivitas Penyelenggaraan Prasarana Perkeretaapian
49233,Angkutan Tidak Bermotor untuk Barang
52213,Aktivitas Jalan Tol
49291,Angkutan Kereta Api Lainnya
52214,Aktivitas Perparkiran di Badan Jalan (On Street Parking)
49292,Angkutan Pariwisata
52215,Aktivitas Perparkiran di Luar Badan Jalan (Off Street
49293,Angkutan Taksi Parking)
49294,Angkutan Khusus
52219,Aktivitas Jasa Terkait Transportasi Darat Lainnya
49295,Angkutan Sewa
52221,Aktivitas Pelayanan Kepelabuhanan Laut
49296,Angkutan Ojek Motor
52222,Aktivitas Pelayanan Kepelabuhanan Sungai dan Danau
49297,Angkutan Tidak Bermotor untuk Penumpang
52223,Aktivitas Pelayanan Kepelabuhanan Penyeberangan
49299,Transportasi Darat Lainnya untuk Penumpang YTDL
52224,Aktivitas Pelabuhan Perikanan
49300,Transportasi Melalui Saluran Pipa
52225,Aktivitas Pengelolaan Kapal
50111,Angkutan Laut Dalam Negeri Liner dan Tramper untuk
52226,Aktivitas Aktivitas Penyelamatan Kapal dan Muatannya
52227,Angkutan Perairan Pelabuhan
50112,Angkutan Laut Dalam Negeri Perintis untuk Penumpang
52229,Aktivitas Jasa Terkait Transportasi Perairan Lainnya
50113,Angkutan Laut Dalam Negeri untuk Wisata
52231,Aktivitas Kebandarudaraan
50114,Angkutan Laut Luar Negeri Liner dan Tramper untuk
52232,Jasa Pelayanan Navigasi Penerbangan
52233,"Pelayanan Penumpang, Bagasi, Kargo, Pos, dan Teknis"
50115,Angkutan Laut Luar Negeri untuk Wisata Penanganan Udara di Darat
50121,Angkutan Laut Dalam Negeri untuk Barang Umum
52234,Aktivitas Pemeriksaan dan Pengendalian Keamanan
50122,Angkutan Laut Dalam Negeri untuk Barang Khusus Muatan Penerbangan
50123,Angkutan Laut Dalam Negeri Perintis untuk Barang
52239,Aktivitas Jasa Terkait Angkutan Udara Lainnya
50124,Angkutan Laut Dalam Negeri Pelayaran Rakyat untuk
52240,Penanganan Kargo (Bongkar Muat Barang)
52291,Angkutan Multimoda
50125,Angkutan Laut Luar Negeri untuk Barang Umum
52292,Aktivitas Tally Mandiri
50126,Angkutan Laut Luar Negeri untuk Barang Khusus
52299,Aktivitas Penunjang Angkutan Lainnya YTDL
50127,Angkutan Laut Luar Negeri Pelayaran Rakyat untuk Barang
52311,Jasa Pengurusan Transportasi (JPT)
50131,Angkutan Penyeberangan Umum Antarprovinsi untuk
52312,Jasa Keagenan Kapal/Agen Perkapalan
52313,Aktivitas Perwakilan Operasional Transportasi Udara
50132,Angkutan Penyeberangan Umum Antarkabupaten/kota Khusus Kargo
52319,Jasa Intermediasi Transportasi Lainnya untuk Barang
50133,Angkutan Penyeberangan Umum Dalam Kabupaten/kota
52321,Agen Penjualan Tiket Transportasi
52322,Agen Pengurus Persetujuan Terbang
50134,Angkutan Penyeberangan Perintis Antarprovinsi untuk
52323,Aktivitas Perwakilan Operasional Transportasi Udara untuk
50135,Angkutan Penyeberangan Perintis Antarkabupaten/kota
52329,Jasa Intermediasi Transportasi Lainnya untuk Penumpang
53100,Aktivitas Pos
50139,Transportasi Pesisir Lainnya untuk Penumpang
53200,Aktivitas Kurir
50141,Angkutan Penyeberangan Umum Antarprovinsi untuk
53301,Aktivitas Jasa Portal Intermediasi Pos dan Kurir
53309,Jasa Intermediasi Pos dan Kurir Lainnya
50142,Angkutan Penyeberangan Umum Antarkabupaten/kota
50143,Angkutan Penyeberangan Umum Dalam Kabupaten/kota
55101,Aktivitas Hotel Bintang Lima
50144,Angkutan Penyeberangan Perintis Antarprovinsi untuk
55102,Aktivitas Hotel Bintang Empat
55103,Aktivitas Hotel Bintang Tiga
50145,Angkutan Penyeberangan Perintis Antarkabupaten/kota
55104,Aktivitas Hotel Bintang Dua
55105,Aktivitas Hotel Bintang Satu
50149,Transportasi Pesisir Lainnya untuk Barang
55106,Aktivitas Hotel Nonbintang
50211,Angkutan Sungai dan Danau Liner (Trayek Tetap dan
55201,Aktivitas Rumah Tinggal Sewa (Homestay)
55202,Aktivitas Hostel Remaja (Youth Hostel)
50212,Angkutan Sungai dan Danau Tramper (Trayek Tidak Tetap
55203,Aktivitas Vila
55204,Aktivitas Apartemen Hotel
50213,Angkutan Sungai dan Danau untuk Wisata
55209,Aktivitas Penyediaan Akomodasi Jangka Pendek Lainnya
50221,Angkutan Sungai dan Danau untuk Barang Umum
55300,"Aktivitas Penyediaan Bumi Perkemahan, Persinggahan"
50222,Angkutan Sungai dan Danau untuk Barang Khusus
50223,Angkutan Sungai dan Danau untuk Barang Berbahaya
55400,Aktivitas Jasa Intermediasi Akomodasi
61903,Aktivitas Jasa Internet Teleponi untuk Keperluan Publik
55901,Aktivitas Jasa Manajemen Akomodasi (ITKP)
55909,Penyediaan Akomodasi Lainnya YTDL
61904,Aktivitas Jasa Panggilan Terkelola (Calling Card)
56101,Aktivitas Penyediaan Makanan di Bangunan Tetap
61905,Aktivitas Jasa Telekomunikasi Khusus Berbasis Satelit
56102,Aktivitas Penyediaan Makanan di Bangunan Tidak Tetap
61909,Aktivitas Telekomunikasi Lainnya YTDL
56210,Aktivitas Jasa Boga untuk Acara Tertentu (Event Catering)
62110,"Pengembangan Video Gim, Perangkat Lunak Video Gim,"
56290,Aktivitas Penyediaan Jasa Boga Lainnya dan Perangkat Lunak Pendukungnya
56301,Aktivitas Bar
62191,Aktivitas Pengembangan Aplikasi Perdagangan melalui
56302,Aktivitas Kelab Malam atau Diskotek yang Utamanya Internet (E-Commerce)
62192,Aktivitas Pengembangan Aplikasi dan Produksi Konten
56303,Aktivitas Rumah Minum/Kafe Berbasis Media Imersif
56304,Aktivitas Kedai Minuman
62193,Aktivitas Pengembangan Aplikasi Berbasis Teknologi
56305,Aktivitas Rumah/Kedai Obat Bahan Alam Blockchain
56306,Aktivitas Penyediaan Minuman Keliling/Tempat Tidak Tetap
62194,Aktivitas Pengembangan Komponen Dasar Kecerdasan
56400,Aktivitas Jasa Intermediasi Penyediaan Makanan dan Buatan
62199,Aktivitas Pemrograman Komputer Lainnya YTDL
62201,Aktivitas Konsultansi dan Manajemen Keamanan Siber
62202,Aktivitas Penyediaan dan Pengelolaan Identitas Digital
62203,Aktivitas Penyediaan Sertifikat Elektronik dan Jasa Terkait
62204,Aktivitas Konsultansi dan Perancangan Internet of Things
58110,Penerbitan Buku (IoT)
58120,Penerbitan Surat Kabar
62209,Aktivitas Konsultansi Komputer dan Manajemen Fasilitas
58130,Penerbitan Jurnal dan Terbitan Berkala Komputer Lainnya
58190,Aktivitas Penerbitan Lainnya
62900,Aktivitas Jasa Teknologi Informasi dan Komputer Lainnya
58211,Penerbitan Perangkat Lunak Video Gim dalam Jaringan
63101,Aktivitas Pengolahan Data
63102,"Aktivitas Penyediaan Infrastruktur Komputasi, Hosting, dan"
58219,Penerbitan Perangkat Lunak Video Gim Lainnya Aktivitas Terkait
58290,Penerbitan Perangkat Lunak (Software) Lainnya
63900,Aktivitas Jasa Portal Pencarian Web dan Informasi Lainnya
59111,"Aktivitas Produksi Film, Video, dan Program Televisi oleh"
59112,"Aktivitas Produksi Film, Video, dan Program Televisi oleh"
64110,Aktivitas Bank Sentral
59121,"Aktivitas Pascaproduksi Film, Video, dan Program Televisi"
64121,Perbankan Umum Konvensional
64122,Perbankan Umum Syariah
59122,"Aktivitas Pascaproduksi Film, Video, dan Program Televisi"
64123,Perbankan Konvensional Lainnya
64124,Perbankan Syariah Lainnya
59131,"Aktivitas Distribusi Film, Video, dan Program Televisi oleh"
64191,Aktivitas Pemberian Kredit oleh Koperasi Konvensional
64192,Aktivitas Pemberian Kredit oleh Koperasi Syariah
59132,"Aktivitas Distribusi Film, Video. dan Program Televisi oleh"
64193,Pembiayaan Mikro Konvensional Nonperbankan
64194,Pembiayaan Mikro Syariah Nonperbankan
59140,Aktivitas Pemutaran Film
64199,Perantara Moneter Lainnya YTDL
59201,Aktivitas Perekaman Suara
64210,Aktivitas Perusahaan Induk
59202,Aktivitas Penerbitan Musik dan Buku Musik
64220,Aktivitas Pembiayaan Conduit
60101,Aktivitas Penyiaran Radio Analog
64310,Aktivitas Dana Pasar Uang
60102,Aktivitas Penyiaran Radio Digital
64320,Aktivitas Dana Investasi Bukan Pasar Uang
60103,Aktivitas Distribusi dan Streaming Audio Atas Permintaan
64330,"Aktivitas Trust, Warisan, dan Keagenan"
60201,Aktivitas Penyiaran dan Pemrograman Televisi Analog
64910,Aktivitas Sewa Guna Usaha Finansial
60202,Aktivitas Pemrograman dan Penyiaran Televisi Digital
64920,Aktivitas Pembiayaan Perdagangan Internasional
60203,Aktivitas Distribusi dan Streaming Video Atas Permintaan
64930,Aktivitas Anjak Piutang
60311,Aktivitas Kantor Berita oleh Pemerintah
64940,Aktivitas Sekuritisasi
60312,Aktivitas Kantor Berita oleh Swasta
64951,Pembiayaan Infrastruktur Konvensional
60390,Aktivitas Situs Jejaring Sosial dan Distribusi Konten Lainnya
64952,Pembiayaan Infrastruktur Syariah
64953,Aktivitas Gadai Konvensional
64954,Aktivitas Gadai Syariah
64955,Pengelolaan Tabungan Perumahan Rakyat
64959,Aktivitas Pemberian Kredit Lainnya YTDL
64991,Aktivitas Modal Ventura Konvensional
61101,Aktivitas Telekomunikasi dengan Kabel
64992,Aktivitas Modal Ventura Syariah
61102,Aktivitas Telekomunikasi dengan Nirkabel
64993,Aktivitas Counterparty untuk Kliring dan Setelmen
61103,Aktivitas Telekomunikasi dengan Satelit Transaksi
61104,Aktivitas Jasa Akses Internet (Internet Service Provider)
64994,Perdagangan di Pasar Keuangan atas Nama Sendiri
61105,Aktivitas Jasa Sistem Komunikasi Data
64995,Perdagangan Unit Karbon atas Nama Sendiri
61106,Aktivitias Jasa Televisi Protokol Internet (IPTV)
64996,Aktivitas Perbankan Bulion Konvensional
61107,Aktivitas Jasa Gerbang Akses Internet (Network Access
64997,Aktivitas Perbankan Bulion Syariah
64999,"Aktivitas Jasa Keuangan Lainnya YTDL, Bukan Asuransi"
61108,Aktivitas Jasa Teleponi Dasar dan Dana Pensiun
61201,Aktivitas Penjualan Kembali Jasa Telekomunikasi
65111,Asuransi Jiwa Konvensional
61209,Aktivitas Penjualan Kembali dan Jasa Intermediasi untuk
65112,Asuransi Jiwa Syariah
65121,Asuransi Umum Konvensional
61901,Aktivitas Jasa Panggilan Premium (Premium Call)
65122,Asuransi Umum Syariah
61902,Aktivitas Jasa Konten SMS Premium
65123,Aktivitas Penjaminan Simpanan dan Asuransi
65131,Penjaminan Konvensional
65132,Penjaminan Syariah
66301,Manajemen Investasi Konvensional di Pasar Keuangan
65201,Reasuransi Konvensional
66302,Manajemen Investasi Syariah di Pasar Keuangan
65202,Reasuransi Syariah
66303,Manajemen Investasi di Perdagangan Berjangka Komoditas
65203,Penjaminan Ulang Konvensional
66309,Aktivitas Manajemen Dana Lainnya
65204,Penjaminan Ulang Syariah
65301,Aktivitas Dana Pensiun Pemberi Kerja Konvensional M Aktivitas Real Estat
65302,Aktivitas Dana Pensiun Pemberi Kerja Syariah
65303,Aktivitas Dana Pensiun Lembaga Keuangan Konvensional
68111,Aktivitas Pengembangan Bangunan dan Lahan Hunian
65304,Aktivitas Dana Pensiun Lembaga Keuangan Syariah
68112,Aktivitas Penyewaan Bangunan dan Lahan Hunian Milik
66111,Penyelenggaraan Sistem Perdagangan Efek Sendiri atau Sewa
66112,Bursa Berjangka
68121,Pengelolaan Kawasan Pariwisata
66113,Penyelenggaraan Bursa Aset Keuangan Digital
68122,Pengelolaan Kawasan Industri
66114,Penyelenggaraan Perdagangan Kontrak Derivatif di Pasar
68123,Pengelolaan Kawasan Ekonomi Khusus
68124,"Penyewaan Tempat Penyelenggaraan Aktivitas Pertemuan,"
66115,"Penyelenggaraan Sarana Transaksi di Pasar Uang dan Perjalanan Insentif, Konvensi, dan Pameran, serta Acara"
66116,Aktivitas Pengawasan Jasa Keuangan Selain Asuransi dan
68125,Pengelolaan Pusat Perbelanjaan
68126,Penyewaan Gudang dan Fasilitas Penyimpanan Mandiri
66117,Aktivitas Regulator Mandiri
68127,Pengelolaan Gedung Perkantoran
66119,"Administrasi Pasar Keuangan, Pasar Berjangka Komoditas,"
68129,Aktivitas Real Estat (Bangunan dan Lahan) Nonhunian
66121,Kepialangan Efek selain Unit Karbon
68210,Aktivitas Jasa Intermediasi Real Estat
66122,Kepialangan Perdagangan Komoditas Berjangka
68291,Jasa Penaksir Real Estat
66123,Kepialangan Aset Keuangan Digital
68292,Pengelolaan Real Estat Hunian Atas Dasar Balas Jasa (Fee)
66124,Kepialangan Pasar Uang dan Pasar Valuta Asing atau Kontrak
66125,Aktivitas Penukaran Valuta Asing (Money Changer)
68299,Aktivitas Real Estat Atas Dasar Balas Jasa (Fee) atau
66126,Penawaran Efek Melalui Layanan Urun Dana Berbasis Kontrak Lainnya YTDL
66127,"Kepialangan Unit Karbon N Aktivitas Profesional, Ilmiah, dan Teknis"
66129,Kepialangan Efek dan Kontrak Komoditas Lainnya
66131,Kliring dan Setelmen Transaksi di Pasar Keuangan
69101,Aktivitas Pengacara
66132,Aktivitas Penyimpanan Aset Keuangan dan Kontrak
69102,Aktivitas Konsultan Hukum
69103,Aktivitas Konsultan Kekayaan Intelektual
66133,Aktivitas Administrasi Kepemilikan Efek
69104,Aktivitas Notaris dan Pejabat Pembuat Akta Tanah
66141,Penyediaan Jasa Pembayaran
69201,"Aktivitas Akuntansi, Pembukuan, dan Pemeriksa"
66142,Penyelenggaraan Infrastruktur Sistem Pembayaran
69202,Aktivitas Konsultansi Pajak
66143,Penyelenggaraan Penunjang Sistem Pembayaran
70100,Aktivitas Kantor Pusat
66144,Aktivitas Jasa Pengolahan Uang Rupiah
70201,Aktivitas Konsultansi Manajemen dan Bisnis Pariwisata
66149,Penyelenggaraan Transaksi Keuangan dan Pengelolaan
70202,Aktivitas Konsultansi Manajemen dan Bisnis Industri
70203,Aktivitas Konsultansi Manajemen dan Bisnis Perdagangan
66151,Aktivitas Advisori Investasi
70209,Aktivitas Konsultasi Manajemen dan Bisnis Lainnya
66152,Aktivitas Advisori Perdagangan Berjangka Komoditas
71101,Aktivitas Arsitektural
66153,Aktivitas Advisori Syariah Pasar Modal
71102,Aktivitas Perancangan dan Konsultansi Teknis Pabrik
66159,Aktivitas Advisori Pasar Keuangan Lainnya
71109,Aktivitas Enjinering dan Konsultansi Teknis Terkait Lainnya
66161,Jasa Intermediasi Pinjam Meminjam Uang Berbasis
71201,Jasa Sertifikasi Teknis
71202,Jasa Inspeksi Teknis
66162,Jasa Intermediasi Pinjam Meminjam Uang Berbasis
71203,Jasa Verifikasi dan Validasi Teknis
71204,Jasa Pengujian Teknis
66191,Aktivitas Pendanaan untuk Transaksi Efek
71209,Pengujian dan Analisis Teknis Lainnya
66192,Penitipan dan Pengelolaan Berdasarkan Perjanjian Trust
72101,Penelitian dan Pengembangan Ilmu Alam
66193,Pemeringkatan Efek
72102,Penelitian dan Pengembangan Enjinering dan Teknologi
66194,Penilaian Harga Efek
72103,Penelitian dan Pengembangan Ilmu Kedokteran dan
66195,Penyelenggaraan Dana Perlindungan Pemodal Kesehatan
66196,Penjaminan Emisi Efek (Underwriter)
72104,Penelitian dan Pengembangan Bioteknologi
66197,Aktivitas Pendukung di Pasar Uang dan Pasar Valuta Asing
72105,Penelitian dan Pengembangan Ilmu Pertanian dan
66198,"Pemeringkatan Usaha Mikro, Kecil, Menengah, dan Kedokteran Hewan"
72106,Penelitian dan Pengembangan Ketenaganukliran
66199,"Aktivitas Penunjang Jasa Keuangan Lainnya YTDL, Kecuali"
72109,Penelitian dan Pengembangan Eksperimental Ilmu Alam
66211,Aktivitas Penilai Risiko Asuransi
72201,Penelitian dan Pengembangan Ilmu Pengetahuan Sosial
66212,Aktivitas Penilai Kerugian Asuransi
72202,Penelitian dan Pengembangan Humaniora
66221,Aktivitas Agen Asuransi
73100,Aktivitas Periklanan
66222,Aktivitas Pialang Asuransi
73201,Penelitian Pasar
66223,Aktivitas Pialang Reasuransi
73202,Jajak Pendapat Opini Publik
66224,Aktivitas Agen Penjaminan
73300,Aktivitas Kehumasan
66225,Aktivitas Broker Penjaminan
74111,Aktivitas Desain Alat Transportasi dan Permesinan
66226,Aktivitas Broker Penjaminan Ulang
74112,Aktivitas Desain Peralatan Rumah Tangga dan Furnitur
66291,Aktivitas Advisori Aktuaria
74113,"Aktivitas Desain Tekstil, Mode/Fesyen, dan Garmen"
66292,Aktivitas Pengawasan Jasa Keuangan Asuransi dan Dana
74114,Aktivitas Desain Industri Strategis dan Pertahanan
74115,Aktivitas Desain Alat Komunikasi dan Elektronika
66299,"Aktivitas Penunjang Lainnya untuk Asuransi, Penjamian,"
74116,Aktivitas Desain Peralatan Olahraga dan Permainan
74117,"Aktivitas Desain Produk Kesehatan, Kosmetik, dan"
79129,Aktivitas Biro Perjalanan Lainnya
79901,Jasa Informasi Pariwisata
74118,Aktivitas Desain Pengemasan
79902,Jasa Informasi Daya Tarik Wisata
74119,Aktivitas Desain Industri Lainnya
79903,Jasa Pramuwisata
74191,Aktivitas Desain Interior
79909,Aktivitas Terkait Perjalanan Lainnya YTDL
74192,Aktivitas Desain Grafis/Komunikasi Visual
80110,Aktivitas Investigasi dan Keamanan Swasta
74193,"Aktivitas Desain Khusus Film, Video, Program Televisi,"
80190,Aktivitas Keamanan YTDL
81100,Aktivitas Penyediaan Gabungan Jasa Penunjang Fasilitas
74194,Aktivitas Desain Konten Gim
81210,Aktivitas Kebersihan Umum Bangunan
74199,Aktivitas Desain Khusus Lainya YTDL
81290,Aktivitas Kebersihan Lainnya
74201,Aktivitas Fotografi Udara
81300,Aktivitas Jasa Lanskap
74209,Aktivitas Fotografi Lainnya
82100,Aktivitas Administrasi Kantor dan Penunjang Kantor
74300,Aktivitas Penerjemah Atau Interpreter
82200,Aktivitas Pusat Panggilan (Call Center)
74910,Aktivitas Broker dan Layanan Pemasaran Paten
82300,Penyelenggaraan Konvensi dan Pameran Bisnis
74991,Jasa Meteorologi dan Prakiraan Cuaca
82400,Jasa Intermediasi untuk Aktivitas Penunjang Usaha YTDL
74999,"Semua Aktivitas Profesional, Ilmiah dan Teknis YTDL Selain Intermediasi Finansial"
82911,Aktivitas Agen Penagihan
75001,Aktivitas Personel Kesehatan Hewan Mandiri
82912,Aktivitas Biro Kredit
75002,Aktivitas Pengelolaan Sarana Kesehatan Hewan
82921,"Aktivitas Pengepakan Bahan dan Produk Hasil Pertanian,"
75009,"Aktivitas Pengelolaan Kesehatan Hewan Lainnya Perkebunan, Kehutanan, dan Perikanan"
82922,Aktivitas Pengepakan Bahan dan Produk Makanan dan
82923,Aktivitas Pengepakan Tekstil dan Produk Tekstil
77100,Penyewaan dan Sewa Guna Usaha Kendaraan Bermotor
82924,Aktivitas Pengepakan Bahan dan Produk Kimia
77210,Penyewaan dan Sewa Guna Usaha Alat rekreasi dan
82925,Aktivitas Pengepakan Bahan dan Produk Farmasi
82929,Aktivitas Pengepakan Lainnya
77291,Penyewaan Peralatan dan Perlengkapan Acara
82990,Aktivitas Jasa Penunjang Usaha Lainnya YTDL
77292,Penyewaan Alat Musik
77293,"Penyewaan Barang Hasil Pencetakan dan Penerbitan Administrasi Pemerintahan dan Pertahanan, Serta"
77294,Penyewaan Bunga dan Tanaman Hias Jaminan Sosial Wajib
77299,Penyewaan Barang Pribadi dan Barang Rumah Tangga
84111,Lembaga Legislatif
77311,Penyewaan dan Sewa Guna Usaha Alat Transportasi Darat
84112,Penyelenggaraan Pemerintahan Negara dan
77312,Penyewaan dan Sewa Guna Usaha Alat Transportasi Air
84113,"Lembaga Eksekutif Keuangan, Perpajakan, dan Bea Cukai"
77313,Penyewaan dan Sewa Guna Usaha Alat Transportasi Udara
84114,Lembaga Eksekutif Perencanaan
77391,Penyewaan dan Sewa Guna Usaha Mesin dan Peralatan
84115,Lembaga Pemerintah Nonkementerian dengan Tugas
77392,Penyewaan dan Sewa Guna Usaha Mesin dan Alat
84119,Kegiatan Administrasi Pemerintahan Lainnya
84121,Administrasi Pelayanan Pemerintah Bidang Pendidikan
77393,Penyewaan dan Sewa Guna Usaha Mesin dan Peralatan
84122,Administrasi Pelayanan Pemerintah Bidang Kesehatan
84123,Administrasi Pelayanan Pemerintah Bidang Perumahan
77394,Penyewaan dan Sewa Guna Usaha Mesin dan Peralatan
84124,Administrasi Pelayanan Pemerintah Bidang Kesejahteraan
77395,Penyewaan dan Sewa Guna Mesin dan Peralatan
84125,Administrasi Pelayanan Pemerintah Bidang Keagamaan
84126,Administrasi Pelayanan Pemerintah Bidang
77396,Penyewaan dan Sewa Guna Usaha Mesin dan Peralatan Kebudayaan/Kesenian/Rekreasi/Olahraga
84129,Administrasi Pelayanan Pemerintah Bidang Sosial Lainnya
77397,"Penyewaan dan Sewa Guna Usaha Mesin dan Peralatan Bukan Kesehatan, Pendidikan, Keagamaan, dan"
77399,"Penyewaan dan Sewa Guna Usaha Mesin, Peralatan, dan"
84130,Administrasi Pelayanan Pemerintah Bidang Lingkungan
77400,Sewa Guna Usaha Kekayaan Intelektual dan Produk
84141,Kegiatan Lembaga Pemerintahan Bidang Pertanian
84142,Kegiatan Lembaga Pemerintahan Bidang Pertambangan
77510,"Aktivitas Jasa Intermediasi untuk Penyewaan dan Sewa dan Penggalian, Listrik, Air, dan Gas"
84143,Kegiatan Lembaga Pemerintahan Bidang Perindustrian
77520,Aktivitas Jasa Intermediasi untuk Penyewaan dan Sewa
84144,Kegiatan Lembaga Pemerintahan Bidang Komunikasi dan
84145,Kegiatan Lembaga Pemerintahan Bidang Konstruksi
78101,Aktivitas Penempatan Tenaga Kerja untuk Usaha di Dalam
84146,Kegiatan Lembaga Pemerintahan Bidang Perdagangan dan
78102,Aktivitas Penempatan Tenaga Kerja Luar Negeri
84147,Kegiatan Lembaga Pemerintahan Bidang Perhubungan
78103,Aktivitas Penempatan Tenaga Kerja untuk Rumah Tangga
84148,Kegiatan Lembaga Pemerintahan Bidang Ketenagakerjaan
84149,Kegiatan Lembaga Pemerintahan untuk Menciptakan
78104,Aktivitas Penempatan Awak Kapal Efisiensi Produksi dan Bisnis Lainnya
78105,Aktivitas Penyediaan Informasi Lowongan Kerja
84210,Hubungan Luar Negeri
78109,Aktivitas Penempatan Tenaga Kerja Lainnya
84221,Lembaga Pertahanan dan Angkatan Bersenjata
78200,Aktivitas Penyediaan Tenaga Kerja Sementara dan
84222,Angkatan Darat
84223,Angkatan Udara
79110,Aktivitas Agen Perjalanan
84224,Angkatan Laut
79121,Aktivitas Biro Perjalanan Wisata
84231,Kepolisian
79122,Aktivitas Biro Perjalanan Ibadah Umrah dan Haji Khusus
84232,Pertahanan Sipil
84233,Aktivitas Lembaga Peradilan
85597,Pendidikan Kerajinan dan Industri
84234,Kegiatan Lembaga Pemerintahan Bidang Penanggulangan
85599,Pendidikan Lainnya Swasta
85610,Jasa Perantara Kursus dan Tutor
84300,Aktivitas Jaminan Sosial Wajib
85691,Aktivitas Sertifikasi Profesi Hasil Pendidikan dan Pelatihan
85692,Aktivitas Sertifikasi Profesi Hasil Pendidikan dan Pelatihan
85101,Pendidikan Taman Kanak-Kanak Umum Pemerintah
85693,Aktivitas Sertifikasi Profesi oleh Asosiasi
85102,Pendidikan Taman Kanak-Kanak Umum Swasta
85694,Aktivitas Sertifikasi Profesi Independen
85103,Pendidikan Prasekolah Keagamaan Islam
85699,Kegiatan Penunjang Pendidikan Lainnya
85104,"Pendidikan Prasekolah Keagamaan Protestan, Katolik,"
85201,Pendidikan Dasar (SD) Umum Pemerintah
85202,Pendidikan Dasar (SD) Umum Swasta
86101,Aktivitas Rumah Sakit Pemerintah
85203,Pendidikan Dasar (SD) Keagamaan Islam
86102,Aktivitas Puskesmas
85204,"Pendidikan Dasar (SD) Keagamaan Protestan, Katolik, Hindu,"
86103,Aktivitas Rumah Sakit Swasta
86104,Aktivitas Klinik Pemerintah
85311,Pendidikan Menengah Pertama (SMP) Umum Pemerintah
86105,Aktivitas Klinik Swasta
85312,Pendidikan Menengah Pertama (SMP) Umum Swasta
86109,Aktivitas Rumah Sakit Lainnya
85313,Pendidikan Menengah Pertama (SMP) Keagamaan Islam
86201,Aktivitas Praktik Dokter
85314,"Pendidikan Menengah Pertama (SMP) Keagamaan Protestan,"
86202,Aktivitas Praktik Dokter Spesialis
86203,Aktivitas Praktik Dokter Gigi
85315,Pendidikan Menengah Atas (SMA) Umum Pemerintah
86910,"Aktivitas Jasa Intermediasi untuk Kesehatan Medis,"
85316,"Pendidikan Menengah Atas (SMA) Umum Swasta Kedokteran Gigi, dan Pelayanan Kesehatan Manusia"
85317,Pendidikan Menengah Atas (SMA) Keagamaan Islam Lainnya
85318,"Pendidikan Menengah Atas (SMA) Keagamaan Protestan, Katolik,"
86991,Aktivitas Pelayanan Kesehatan yang Dilakukan oleh Tenaga
85321,Pendidikan Menengah Kejuruan (SMK) Umum Pemerintah
86992,Aktivitas Pelayanan Kesehatan Tradisional
85322,Pendidikan Menengah Kejuruan (SMK) Umum Swasta
86993,Aktivitas Pelayanan Penunjang Kesehatan
85323,Pendidikan Menengah Kejuruan (SMK) Keagamaan Islam
86994,Aktivitas Angkutan Khusus Pengangkutan Orang Sakit
85324,"Pendidikan Menengah Kejuruan (SMK) Keagamaan Protestan, (Medical Evacuation)"
86995,Aktivitas Rumah Pijat
85330,Pendidikan Pascamenengah Nontersier
87101,Aktivitas Perawatan dan Pemulihan kesehatan Berbasis
85401,Pendidikan Tinggi Umum Pemerintah Residensial oleh Pemerintah
85402,Pendidikan Tinggi Umum Swasta
87102,Aktivitas Perawatan dan Pemulihan Kesehatan Berbasis
85403,Pendidikan Tinggi Keagamaan Pemerintah Residensial oleh Lembaga Kesejahteraan Sosial
85404,Pendidikan Tinggi Keagamaan Swasta
87201,Aktivitas Perawatanuntuk Orang yang Hidup dengan atau
85510,Pendidikan Olahraga dan Rekreasi Memiliki Diagnosis Penyandang Disabilitas Mental atau
85520,Pendidikan Kebudayaan Penyalahgunaan Obat Terlarang Berbasis Residensial oleh
85530,Kegiatan Sekolah Mengemudi Pemerintah
85541,Pendidikan Pesantren Lainnya
87202,Aktivitas Perawatan untuk Orang yang Hidup dengan atau
85542,Pendidikan Keagamaan Islam Nonformal Memiliki Diagnosis Penyandang Disabilitas Mental atau
85549,Pendidikan Keagamaan Lainnya YTDL
85550,Pendidikan Lainnya Pemerintah
87301,Aktivitas Perawatan untuk Lanjut Usia atau Penyandang
85560,Pelatihan Kerja Pemerintah
85571,Pelatihan Kerja Teknik Swasta
87302,Aktivitas Sosial untuk Lanjut Usia atau Penyandang
85572,Pelatihan Kerja Teknologi Informasi dan Komunikasi
87303,Aktivitas Pengelolaan Akomodasi Warga Lanjut Usia
85573,Pelatihan Kerja Industri Kreatif Swasta
85574,Pelatihan Kerja Pariwisata dan Perhotelan Swasta
87910,Jasa Intermediasi untuk Aktivitas Perawatan Berbasis
85575,Pelatihan Kerja Bisnis dan Manajemen Swasta
85576,Pelatihan Kerja Pekerjaan Domestik Swasta
87991,Aktivitas Lembaga Kesejahteraan Sosial Anak Berbasis
85577,Pelatihan Kerja Pertanian dan Perikanan Swasta
85578,Pendidikan dan Pelatihan Personel Penerbangan
87992,Aktivitas Perawatanuntuk Anak yang Berhadapan dengan
85579,Pelatihan Kerja Swasta Lainnya
85581,Pelatihan Kerja Teknik Perusahaan
87993,Aktivitas Tunasosial Berbasis Residensial
85582,Pelatihan Kerja Teknologi Informasi dan Komunikasi
88101,Aktivitas Sosial Pemerintah Tanpa Akomodasi untuk Orang
85583,Pelatihan Kerja Industri Kreatif Perusahaan
88102,Aktivitas Sosial Lembaga Kesejahteraan Sosial Tanpa
85584,Pelatihan Kerja Pariwisata dan Perhotelan Perusahaan
85585,Pelatihan Kerja Bisnis dan Manajemen Perusahaan Disabilitas
85586,Pelatihan Kerja Pekerjaan Domestik Perusahaan
88901,Aktivitas Sosial Pemerintah Tanpa Akomodasi Lainnya
85587,Pelatihan Kerja Pertanian dan Perikanan Perusahaan
88902,Aktivitas Sosial Lembaga Kesejahteraan Sosial Tanpa
85589,Pelatihan Kerja Perusahaan Lainnya Akomodasi Lainnya
85591,Pendidikan Manajemen dan Perbankan
88903,Aktivitas Sosial Pengumpulan Dana Keislaman
85592,Pendidikan Komputer (Teknologi Informasi dan
88904,Aktivitas Sosial Pengumpulan Dana Nonislam
88905,Aktivitas Sosial Pengumpulan Dana Lainnya
85593,Pendidikan Bahasa Swasta
88906,Pendidikan Kelompok Bermain
85594,Pendidikan Kesehatan Swasta
88907,Pendidikan Taman Penitipan Anak
85595,Pendidikan Bimbingan Belajar Dan Konseling Swasta
85596,Pendidikan Teknik Swasta
94121,Aktivitas Organisasi Ilmu Pengetahuan Sosial dan
90111,Aktivitas Penciptaan Karya Sastra
94122,Aktivitas Organisasi Ilmu Pengetahuan Alam dan Teknologi
90112,Aktivitas Penciptaan Komposisi Musik
94200,Aktivitas Organisasi Buruh
90113,Aktivitas Jurnalis Berita Independen
94910,Aktivitas Organisasi Keagamaan
90120,Aktivitas Penciptaan Karya Seni Rupa
94920,Aktivitas Organisasi Politik
90130,Aktivitas Penciptaan Karya Seni Lainnya
94990,Aktivitas Organisasi Keanggotaan Lainnya YTDL
90200,Aktivitas Seni Pertunjukan
95101,Reparasi dan Pemeliharaan Komputer dan Peralatan
90310,Aktivitas Operasional Tempat dan Fasilitas Kesenian Sejenisnya
90391,Penyelenggaraan Kegiatan Kesenian dan Kebudayaan
95102,Reparasi dan Pemeliharaan Peralatan Komunikasi
90399,Aktivitas Penunjang Penciptaan Karya Seni dan Seni
95210,Reparasi dan Pemeliharaan Alat-alat Elektronik Konsumen
95220,Reparasi dan Pemeliharaan Peralatan Rumah Tangga dan
91111,Aktivitas Perpustakaan Pemerintah Peralatan Rumah dan Kebun
91112,Aktivitas Perpustakaan Swasta
95230,Reparasi dan Pemeliharaan Alas Kaki dan Barang dari Kulit
91121,Aktivitas Kearsipan Pemerintah
95240,Reparasi dan Pemeliharaan Furnitur Dan Perlengkapan
91122,Aktivitas Kearsipan Swasta Rumah
91211,Museum yang Dikelola Pemerintah
95291,Aktivitas Vermak Pakaian
91212,Museum yang Dikelola Swasta
95299,Reparasi dan Pemeliharaan Barang Keperluan Pribadi dan
91221,Aktivitas Situs Bersejarah dan Monumen yang Dikelola Perlengkapan Rumah Tangga Lainnya
95311,Reparasi Mobil
91222,Aktivitas Situs Bersejarah dan Monumen yang Dikelola
95312,Pencucian dan Salon Mobil
95320,Reparasi dan Perawatan Sepeda Motor
91300,"Konservasi, Restorasi, dan Aktivitas Penunjang Lainnya"
95400,"Jasa Intermediasi Reparasi dan Perawatan Komputer,"
91410,Aktivitas Taman Botani dan Kebun Binatang Motor
91421,Suaka Margasatwa
96100,Aktivitas Pencucian dan Pembersihan Produk Tekstil dan
91422,Taman Nasional Bulu
96210,Aktivitas Penataan dan Pangkas Rambut
91423,Hutan Lindung
96220,Aktivitas Perawatan Kecantikan dan Perawatan Kecantikan
91424,Taman Wisata Alam
91425,Taman Hutan Raya
96230,"Aktivitas Sante Par Aqua (SPA) Harian, Sauna, dan"
91426,Taman Laut
91429,Aktivitas Cagar Alam Lainnya
96300,Aktivitas Pemakaman dan Kegiatan Terkait
92000,Aktivitas Perjudian dan Pertaruhan
96400,Aktivitas Jasa Intermediasi untuk Jasa Perorangan
93111,Fasilitas Stadion
96900,Aktivitas Jasa Perorangan Lainnya YTDL
93112,Fasilitas Sirkuit
93113,Fasilitas Gelanggang/Arena
93114,Fasilitas Lapangan
93115,Fasilitas Olahraga Beladiri U
93116,Fasilitas Pusat Kebugaran/Fitness Center
93119,Pengelolaan Fasilitas Olahraga Lainnya
93121,Klub Sepak Bola
97000,Aktivitas Rumah Tangga sebagai Pemberi Kerja bagi
93122,Klub Golf
93123,Klub Renang
98100,Aktivitas Produksi Barang oleh Rumah Tangga untuk
93124,Klub Tenis Lapangan
93125,Klub Tinju
98200,Aktivitas Produksi Beragam Jasa oleh Rumah Tangga untuk
93126,Klub Bela Diri Keperluan Sendiri
93127,Klub Kebugaran/Fitness Dan Binaraga
93128,Klub Boling Aktivitas Badan Internasional dan Badan Ekstra
93129,Klub Olahraga Lainnya Internasional Lainnya
93191,Penyelenggaraan Kegiatan Olahraga
93192,Aktivitas Juri dan Wasit Profesional
99000,Aktivitas Badan Internasional dan Badan Ekstra
93193,Aktivitas Perburuan di Kawasan Buru Internasional Lainnya
93194,Badan Regulasi dan Liga Olahraga
93195,Aktivitas Olahraga Tradisional
93196,Pengelolaan Fasilitas Pemancingan
93197,Aktivitas Olaharagawan/Atlet Independen
93199,Aktivitas Lainnya yang Berkaitan dengan Olahraga YTDL
93210,Aktivitas Taman Bertema dan Taman Hiburan
93291,Aktivitas Lantai Dansa
93292,Pengelolaan Fasilitas Karaoke
93293,Pengelolaan Arena Permainan
93294,"Wisata Gua, Pemandian, dan Petualangan Alam"
93295,Wisata Pantai
93296,Wisata Agro
93297,Wisata Tirta
93299,Aktivitas Hiburan dan Rekreasi Lainnya YTDL
94110,Aktivitas Organisasi Bisnis dan Pengusaha
